"This spreadsheet details metadata that the project team created for each record in the overall dataset. It includes information on the data types, the region the data covers, the publisher, how to access the dataset and more. The data dictionary that defines what each column means can be found here.",,,,,,,,,,,,,,,,,,
uid,name,link to dataset,contains salary data,data type,file format(s),dates,date classification,government type,location county,location city,location state,publisher,data dictionary,public access,salary type,point of contact,first published date,last updated date
1,Employee Salaries - 2023,https://catalog.data.gov/dataset/employee-salaries-2023,all,structured,"CSV, JSON, XML, RDF",2023,calendar year,county,Montgomery,na,MD,dataMontgomery,yes,yes,"annual salary, overtime wage","Kerming Tsaur
240-777-5029",2024-02-09,2024-02-09
2,Law Enforcement Officer (LEO) General Schedule Locality Pay,https://catalog.data.gov/dataset/law-enforcement-officer-leo-general-schedule-locality-pay-baf1b,all,collection,HTML,2011-2024,calendar year,federal,na,na,na,Office of Personnel Management,yes,yes,"annual salary, hourly wage, overtime wage",PayPolicy@opm.gov,na,na
3,FedScope Accessions Cubes,https://catalog.data.gov/dataset/fedscope-accessions-cubes-a76c0,contains,database,HTML,2005-2024,fiscal year,federal,na,na,na,Office of Personnel Management,yes,yes,salary range,FedScope@opm.gov,na,2023-09-01
4,Pay and Leave Special Rates,https://catalog.data.gov/dataset/pay-and-leave-special-rates-29256,contains,collection,HTML,2010-2024,calendar year,federal,na,na,na,Office of Personnel Management,no,yes,annual salary,Pay-Leave-Policy@opm.gov,na,na
5,Executive and Senior Level Pay,https://catalog.data.gov/dataset/executive-and-senior-level-pay-f4bb0,all,collection,HTML,2011-2024,calendar year,federal,na,na,na,Office of Personnel Management,yes,yes,annual salary,PayPolicy@opm.gov.,na,na
6,General Schedule and Locality Pay,https://catalog.data.gov/dataset/general-schedule-and-locality-pay-1a089,all,collection,HTML,2011-2024,calendar year,federal,na,na,na,Office of Personnel Management,yes,yes,"annual salary, hourly wage, overtime wage",PayPolicy@opm.gov,na,na
7,FedScope Separations Cubes,https://catalog.data.gov/dataset/fedscope-separations-cubes-7b093,contains,database,HTML,2005-2024,fiscal year,federal,na,na,na,Office of Personnel Management,yes,yes,salary range,FedScope@opm.gov,na,2023-09-01
8,FedScope Employment Cubes,https://catalog.data.gov/dataset/fedscope-employment-cubes-ffdfd,contains,database,HTML,1998-2024,calendar year,federal,na,na,na,Office of Personnel Management,yes,yes,salary range,FedScope@opm.gov,na,2023-09-01
9,FedScope Diversity Cubes,https://catalog.data.gov/dataset/fedscope-diversity-cubes-714ca,contains,database,HTML,1998-2024,calendar year,federal,na,na,na,Office of Personnel Management,yes,yes,salary range,FedScope@opm.gov,na,2023-09-01
10,EHRI Snapshot,https://catalog.data.gov/dataset/ehri-snapshot-ce943,contains,collection,na,na,na,federal,na,na,na,Office of Personnel Management,no,no,na,datadrivenworkforce@opm.gov,na,na
11,Budget - 2024 Budget Ordinance - Positions and Salaries,https://catalog.data.gov/dataset/budget-2024-budget-ordinance-positions-and-salaries,all,structured,"CSV, JSON, XML, RDF",2024,fiscal year,city,na,Chicago,IL,Chicago Data Portal,yes,yes,annual salary,Jonathan.Levy@cityofchicago.org,2023-11-21,2023-11-21
12,Compensation and Salary Surveys,https://catalog.data.gov/dataset/compensation-and-salary-surveys,contains,collection,na,na,na,federal,na,na,na,Board of Governors of the Federal Reserve System,no,no,na,ogda-data@frb.gov,na,na
13,Current Employment Statistics,https://catalog.data.gov/dataset/current-employment-statistics-ces-5540b,all,collection,CSV,1990-2024,monthly,state,na,na,CA,California Employment Development Department,no,yes,annual salary,OpenData@edd.ca.gov,na,na
14,quarter Census of Employment and Wages (QCEW),https://catalog.data.gov/dataset/quarter-census-of-employment-and-wages-qcew-a6fea,all,collection,CSV,2004-2023,quarter,state,na,na,CA,California Employment Development Department,no,yes,collective wage,OpenData@edd.ca.gov,na,na
15,Budget - 2024 Budget Recommendations - Positions and Salaries,https://catalog.data.gov/dataset/budget-2024-budget-recommendations-positions-and-salaries,all,structured,"CSV, JSON, XML, RDF",2024,fiscal year,city,na,Chicago,IL,Chicago Data Portal,yes,yes,annual salary,Jonathan.Levy@cityofchicago.org,2023-10-10,2023-10-10
16,DFPS Employees 1.5 Average monthly Salaries by Selected Program and Staff Type 2014-2023,https://catalog.data.gov/dataset/dfps-employees-1-5-average-monthly-salaries-by-selected-program-and-staff-type-fy2013-2022,all,structured,"CSV, JSON, XML, RDF",2014-2023,fiscal year,city,na,Austin,TX,Texas Open Data Portal,yes,yes,monthly wage,"(877) 926-4881, no-reply@data.texas.gov",2021-03-16,2024-02-05
17,Superintendent Salary Report by District for School Year 2021-2022,https://catalog.data.gov/dataset/superintendent-salary-report-by-district-for-school-year-2021-2022,all,structured,"CSV, JSON, XML, RDF",2021-2022,academic year,city,na,Austin,TX,Texas Open Data Portal,yes,yes,annual salary,research@tea.texas.gov,2023-02-15,2023-03-07
18,"Equity in Athletics Disclosure Act Survey, 2013",https://catalog.data.gov/dataset/equity-in-athletics-disclosure-act-survey-2013-59a1d,all,structured,XLSX,2003-2022,academic year,federal,na,na,na,Office of Postsecondary Education,no,yes,annual salary,ashley.higgins@ed.gov,na,na
19,"National Study of Postsecondary Faculty, 2004",https://catalog.data.gov/dataset/national-study-of-postsecondary-faculty-2004-41eb7,contains,database,TEXT,2003-2004,academic year,federal,na,na,na,Center for Education Statistics,no,login,na,aurora.damico@ed.gov,na,na
20,"Integrated Postsecondary Education Data System, 2013-14",https://catalog.data.gov/dataset/integrated-postsecondary-education-data-system-2013-14-61d9f,contains,database,TEXT,2013-2014,academic year,federal,na,na,na,Center for Education Statistics,no,login,na,samuel.barbett@ed.gov,na,na
21,"Integrated Postsecondary Education Data System, 2012-13",https://catalog.data.gov/dataset/integrated-postsecondary-education-data-system-2012-13-c5d60,contains,database,TEXT,2012-2013,academic year,federal,na,na,na,Center for Education Statistics,no,login,na,samuel.barbett@ed.gov,na,na
22,"Integrated Postsecondary Education Data System, 2010-11",https://catalog.data.gov/dataset/integrated-postsecondary-education-data-system-2010-11-83aef,contains,database,TEXT,2010-2011,academic year,federal,na,na,na,Center for Education Statistics,no,login,na,samuel.barbett@ed.gov,na,na
23,"Integrated Postsecondary Education Data System, 2011-12",https://catalog.data.gov/dataset/integrated-postsecondary-education-data-system-2011-12-1501a,contains,database,TEXT,2011-2012,academic year,federal,na,na,na,Center for Education Statistics,no,login,na,samuel.barbett@ed.gov,na,na
24,"Integrated Postsecondary Education Data System, 2009-10",https://catalog.data.gov/dataset/integrated-postsecondary-education-data-system-2009-10-70c90,contains,database,TEXT,2009-2010,academic year,federal,na,na,na,Center for Education Statistics,no,login,na,samuel.barbett@ed.gov,na,na
25,"Integrated Postsecondary Education Data System, 2008-09",https://catalog.data.gov/dataset/integrated-postsecondary-education-data-system-2008-09-60a23,contains,database,TEXT,2008-2009,academic year,federal,na,na,na,Center for Education Statistics,no,login,na,samuel.barbett@ed.gov,na,na
26,"Integrated Postsecondary Education Data System, 2007-08",https://catalog.data.gov/dataset/integrated-postsecondary-education-data-system-2007-08-118b5,contains,database,TEXT,2007-2008,academic year,federal,na,na,na,Center for Education Statistics,no,login,na,samuel.barbett@ed.gov,na,na
27,"Integrated Postsecondary Education Data System, 2005-06",https://catalog.data.gov/dataset/integrated-postsecondary-education-data-system-2005-06-57981,contains,database,TEXT,2005-2006,academic year,federal,na,na,na,Center for Education Statistics,no,login,na,samuel.barbett@ed.gov,na,na
28,"Integrated Postsecondary Education Data System, 2006-07",https://catalog.data.gov/dataset/integrated-postsecondary-education-data-system-2006-07-1b1a1,contains,database,TEXT,2006-2007,academic year,federal,na,na,na,Center for Education Statistics,no,login,na,samuel.barbett@ed.gov,na,na
29,"Integrated Postsecondary Education Data System, 2003-04",https://catalog.data.gov/dataset/integrated-postsecondary-education-data-system-2003-04-8bc1b,contains,database,TEXT,2003-2004,academic year,federal,na,na,na,Center for Education Statistics,no,login,na,samuel.barbett@ed.gov,na,na
30,"Integrated Postsecondary Education Data System, 2004-05",https://catalog.data.gov/dataset/integrated-postsecondary-education-data-system-2004-05-1c5ab,contains,database,TEXT,2004-2005,academic year,federal,na,na,na,Center for Education Statistics,no,login,na,samuel.barbett@ed.gov,na,na
31,"Early Childhood Longitudinal Study, Kindergarten Class of 1998-99",https://catalog.data.gov/dataset/early-childhood-longitudinal-study-kindergarten-class-of-1998-99-53c8e,none,collection,"DATABASE, TEXT",1998-1999,academic year,federal,na,na,na,Center for Education Statistics,no,yes,na,jill.mccarroll@ed.gov,na,na
32,"Schools and Staffing Survey, 1993-94",https://catalog.data.gov/dataset/schools-and-staffing-survey-1993-94-398ee,contains,collection,TEXT,1993-94,academic year,federal,na,na,na,Center for Education Statistics,yes,login,na,amy.ho@ed.gov,na,na
33,"Public Libraries Survey, fiscal year 2002",https://catalog.data.gov/dataset/public-libraries-survey-fiscal-year-2002-d84c4,contains,collection,"CSV, XLS",2002,fiscal year,federal,na,na,na,Institute of Museum and Library Services,yes,yes,collective salary,kelly.worthington@ed.gov,na,na
34,"Schools and Staffing Survey, 1987-88",https://catalog.data.gov/dataset/schools-and-staffing-survey-1987-88-cbdab,contains,collection,TEXT,1987-1988,academic,federal,na,na,na,Center for Education Statistics,yes,no,na,amy.ho@ed.gov,na,na
35,"Schools and Staffing Survey, 1990-91",https://catalog.data.gov/dataset/schools-and-staffing-survey-1990-91-d72ad,contains,collection,TEXT,1990-1991,academic,federal,na,na,na,Center for Education Statistics,yes,no,na,amy.ho@ed.gov,na,na
36,"Schools and Staffing Survey, 1999-2000",https://catalog.data.gov/dataset/schools-and-staffing-survey-1999-2000-702d3,contains,collection,TEXT,1999-2000,academic,federal,na,na,na,Center for Education Statistics,yes,no,na,amy.ho@ed.gov,na,na
37,"Teacher Compensation Survey, 2010-11",https://catalog.data.gov/dataset/teacher-compensation-survey-2010-11-34546,contains,Collection,TEXT,2010-2011,calendar year,federal,na,na,na,National Center for Education Statistics (NCES),yes,login,"base salary, total salary",stephen.cornman@ed.gov,na,na
38,"Teacher Compensation Survey, 2009-10",https://catalog.data.gov/dataset/teacher-compensation-survey-2009-10-64569,contains,Collection,TEXT,2009-2010,calendar year,federal,na,na,na,National Center for Education Statistics (NCES),yes,login,"base salary, total salary",stephen.cornman@ed.gov,na,na
39,Data to support the cost analysis of crayfish chemical control in hatchery fish shipments,https://catalog.data.gov/dataset/data-to-support-the-cost-analysis-of-crayfish-chemical-control-in-hatchery-fish-shipments,contains,Collection,XML,2023,fiscal year,federal,na,na,na,U.S. Geological Survey,yes,login,salary,aallert@usgs.gov,2023-06-21,2023-10-28
40,Annual Compensation,https://catalog.data.gov/dataset/city-of-bloomington-annual-compensation-36420,all,Structured,"CSV, RDF, JSON, XML",2023,daily,city,na,Bloomington,IN,Bloomington Data Portal,no,yes,compensation,no-reply@data.bloomington.in.gov,2023-01-26,2024-03-29
41,Louisville Metro KY - Employee Salary Data,https://catalog.data.gov/dataset/louisville-metro-ky-employee-salary-data-6cc9e,all,Structured,"HTML, API, CSV, GeoJSON",2023,calendar year,city,na,Louisville,KY,Louisville/Jefferson County Information Consortium,yes,yes,"salary rate, overtime rate",opendata@louisvilleky.gov,2023-03-22,2023-04-13
42,Louisville Metro KY - Employee Salary Data,https://catalog.data.gov/dataset/louisville-metro-ky-employee-salary-data-6cc9e,all,Structured,"HTML, CSV",2023,calendar year,city,na,Louisville,KY,Louisville/Jefferson County Information Consortium,yes,yes,"salary rate, overtime rate",opendata@louisvilleky.gov,2023-03-23,2023-04-14
43,IBO Federal Stimulu Budget and Spending Tracker (ARPA and CRRSAA),https://catalog.data.gov/dataset/ibo-federal-stimulus-budget-and-spending-tracker-arpa-and-crrsaa,contains,Structured,"CSV, RDF, JSON, XML",2023-2024,calendar year,city,na,New York City,NY,New York City Data Portal,yes,yes,budget,no-reply@data.cityofnewyork.us,2023-08-01,2023-10-05
44,Employee Salaries - 2022,https://catalog.data.gov/dataset/employee-salaries-2022,all,Structured,"CSV, RDF, JSON, XML",2022-2023,calendar year,county,Montgomery,na,MD,data.montgomerycountymd.gov,yes,yes,"base salary, overtime, longevity pay",no-reply@data.montgomerycountymd.gov,2023-02-08,2023-02-10
45,Individual Employee Separation Case Files,https://catalog.data.gov/dataset/individual-employee-separation-case-files-49314,none,Structured,na,na,fiscal year,federal,na,na,na,Department of Homland Security (DHS),no,no,na,edmo@hq.dhs.gov,na,2024-03-25
46,"A Cluster Randomized Controlled Trial of the Safe Public Spaces in Schools Program, New York City 2016-2018",https://catalog.data.gov/dataset/a-cluster-randomized-controlled-trial-of-the-safe-public-spaces-in-schools-program-ne-2016-f67d7,none,Structured,HTML,2016-2018,calendar year,city,na,New York City,NY,National Institute of Justice,no,yes,na,opendata@usdoj.gov,2021-04-28,2021-04-28
47,Pittsburgh American Community Survey 2014 - Miscellaneous Data,https://catalog.data.gov/dataset/pittsburgh-american-community-survey-2014-miscellaneous-data,contains,Structured,CSV,2014,calendar year,city,na,Pittsburgh,PA,City of Pittsburgh,no,yes,"Salary, wage rate, social security, retirement income, supplemental security",wprdc@pitt.edu,na,2021-02-04
48,Pittsburgh American Community Survey 2015 - Miscellaneous Data,https://catalog.data.gov/dataset/pittsburgh-american-community-survey-2015-miscellaneous-data,all,Structured,CSV,2015,calendar year,city,na,Pittsburgh,PA,City of Pittsburgh,no,yes,"household income, supplemental security income, social security income, retirement income, public assistance income, self employment income, wage income, salary income",wprdc@pitt.edu,na,2021-02-04
49,Pittsburgh American Community Survey Census Data 2014 - Sex by Occupation,https://catalog.data.gov/dataset/pittsburgh-american-community-survey-census-data-2014-sex-by-occupation,none,Structured,CSV,2014,calendar year,city,na,Pittsburgh,PA,City of Pittsburgh,no,yes,na,wprdc@pitt.edu,na,2021-02-04
50,Annual Personal Income for State of Iowa by County,https://catalog.data.gov/dataset/annual-personal-income-for-state-of-iowa-by-county,all,Structured,"CSV, RDF, JSON, XML",1997 - Present,fiscal year,state,na,na,IA,Iowa Open Data Portal,yes,yes,"personal income, per capita personal income",no-reply@data.iowa.gov,2020-01-28,2023-12-02
51,State of Iowa Salary Book,https://catalog.data.gov/dataset/state-of-iowa-salary-book,all,Structured,"CSV, RDF, JSON, XML", 2007 - Present,fiscal year,state,na,na,IA,Iowa Open Data Portal,yes,yes,"base salary, total salary, travel expense",no-reply@data.iowa.gov,2017-11-06,2023-11-20
52,"Iowa Per Capita Personal Income, Annual Estimate",https://catalog.data.gov/dataset/iowa-per-capita-personal-income-annual-estimate,none,Structured,na,na,na,state,na,na,IA,Iowa Open Data Portal,no,yes,per capita personal income,no-reply@data.iowa.gov,2020-02-13,2023-08-30
53,quarter Personal Income for State of Iowa,https://catalog.data.gov/dataset/quarter-personal-income-for-state-of-iowa,all,Structured,"CSV, RDF, JSON, XML",1997 - Present,quarter,state,na,na,IA,Iowa Open Data Portal,yes,yes,personal income,no-reply@data.iowa.gov,2020-02-10,2023-12-02
54,Annual Personal Income for State of Iowa ,https://catalog.data.gov/dataset/annual-personal-income-for-state-of-iowa,all,Structured,"CSV, RDF, JSON, XML",1997 - Present,annual,state,na,na,IA,Iowa Open Data Portal,yes,yes,personal income,no-reply@data.iowa.gov,2020-02-10,2023-12-02
55,Iowa Civilian Employed Population 16 Years and Over by Sex and Class of Worker (ACS 5-Year Estimates),https://catalog.data.gov/dataset/iowa-civilian-employed-population-16-years-and-over-by-sex-and-class-of-worker-acs-5-year-,contains,Structured,"CSV, RDF, JSON, XML",na,na,state,na,na,IA,Iowa Open Data Portal,yes,yes,na,no-reply@data.iowa.gov,2020-03-13,2023-08-30
56,State of Iowa Salary Book Explorer,https://catalog.data.gov/dataset/state-of-iowa-salary-book-explorer,none,Structured,na, 2007 - Present,fiscal year,state,na,na,IA,Iowa Open Data Portal,yes,yes,"base salary, total salary, travel expense",no-reply@data.iowa.gov,2022-11-09,2022-11-09
57,"Iowa Per Capita Personal Income, quarter Estimate",https://catalog.data.gov/dataset/iowa-per-capita-personal-income-quarter-estimate,none,Structured,na,na,quarter,state,na,na,IA,Iowa Open Data Portal,yes,yes,per capita income,no-reply@data.iowa.gov,2020-02-26,2023-08-30
58,Budget - 2023 Budget Ordinance - Positions and Salaries,https://catalog.data.gov/dataset/budget-2023-budget-ordinance-positions-and-salaries,all,Structured,"CSV, RDF, JSON, XML", 2023 - Present,fiscal year,city,na,Chicago,IL,Chicago Data Portal,yes,yes,"base salary, total salary",no-reply@data.cityofchicago.org,2022-11-10,2022-11-16
59,Budget - 2023 Budget Recommendations - Positions and Salaries,https://catalog.data.gov/dataset/budget-2023-budget-recommendations-positions-and-salaries,all,Structured,"CSV, RDF, JSON, XML", 2023 - Present,fiscal year,city,na,Chicago,IL,Chicago Data Portal,yes,yes,"base salary, total salary",no-reply@data.cityofchicago.org,2022-09-30,2022-10-05
60,Salaried Workers,https://catalog.data.gov/dataset/salaried-workers-a2e31,all,Structured,"HTLM, API, CSV, GeoJSON",2016 - Present,fiscal year,city,na,Sioux Falls,SD,Sioux Falls Data Portal,no,yes,base salary,lsohl@siouxfalls.org,2019-04-24,2024-03-15
61,Employee Compensation,https://catalog.data.gov/dataset/employee-compensation-5a157,all,Structured,"HTML, API",2018 - 2022,calendar year,county,Lake,na,IL,Lake County Illinois GIS,no,yes,na,gis@lakecountyil.gov,2018-09-05,2022-03-12
62,Demographics,https://catalog.data.gov/dataset/demographics-0be32,all,Structured,"HTML, API, CSV, GeoJSON, Shapefile, KML",na,na,county,Lake,na,IL,Lake County Illinois GIS,yes,yes,median household income,gis@lakecountyil.gov,2016-12-07,2018-09-18
63,Why Do Defaults Affect Behavior? Experimental Evidence from Afghanistan,https://catalog.data.gov/dataset/why-do-defaults-affect-behavior-experimental-evidence-from-afghanistan,none,Structured,na,na,na,federal,na,na,na,USAID,no,yes,na,no-reply@data.usaid.gov,2021-10-04,2022-02-09
64,Regional Accounts,https://catalog.data.gov/dataset/regional-accounts-7d0bb,all,Structured,"CSV, API",na,na,federal,na,na,na,Bureau of Economic Analysis,yes,yes,personal income ,Webmaster@bea.gov,na,na
65,2012 Public Elementary-Secondary Education Finance: Individual Unit Tables,https://catalog.data.gov/dataset/2012-public-elementary-secondary-education-finance-individual-unit-tables,all,Structured,API,2012,fiscal year,federal,na,na,na,U.S. Census Bureau,no,yes,base salary,govs.elsec@census.gov,na,2014-09-30
66,Occupational Employment and Wage Statistics (OES),https://catalog.data.gov/dataset/occupational-employment-and-wage-statistics-oes,all,Structured,HTML,2023,semi-annual,federal,na,na,na,Bureau of Labor Statistics,yes,yes,mean wage,kohli.amrit@dol.gov,2019-03-29,2022-03-18
67,Employer Cost for Employee Compensation,https://catalog.data.gov/dataset/employer-cost-for-employee-compensation-e7a39,all,Structured,HTML,na,na,federal,na,na,na,Bureau of Labor Statistics,yes,yes,compensation cost,kohli.amrit@dol.gov,2019-12-18,2019-12-18
68,Employment Cost Index,https://catalog.data.gov/dataset/employment-cost-index-24b79,all,Structured,HTML,2023,quarter,federal,na,na,na,Bureau of Labor Statistics,yes,yes,compensation cost,kohli.amrit@dol.gov,2019-10-31,2019-12-30
69,Current Population Survey (CPS) - Weekly and Hourly Earnings,https://catalog.data.gov/dataset/current-population-survey-cps-weekly-and-hourly-earnings-8d283,all,Structured,HTML,na,monthly,federal,na,na,na,U.S. Department of Labor Bureau of Labor Statistics,yes,yes,earnings by demographic,kohli.amrit@dol.gov,2019-10-16,2019-12-30
70,Baltimore City Employee Salaries,https://catalog.data.gov/dataset/baltimore-city-employee-salaries-b820d,all,Structured,"HTML, API, GeoJSON, CSV",2022,fiscal year,city,na,Baltimore,MD,Baltimore City,,yes,,,2021-03-02,2021-10-29
71,FFRDC Research and Development Survey,https://catalog.data.gov/dataset/ffrdc-research-and-development-survey,all,Collection,"CSV, XLSX",2023,fiscal year,federal,na,na,na,U.S. National Science Foundation (NSF),yes,yes,compensation cost,NCSESweb@nsf.gov,na,na
72,National Survey of College Graduates ,https://catalog.data.gov/dataset/national-survey-of-college-graduates,all,Collection,na,na,na,federal,na,na,na,U.S. National Science Foundation (NSF),yes,yes,median salary,NCSESweb@nsf.gov,na,2021-11-24
73,State of Oklahoma Payroll 2020 ,https://catalog.data.gov/dataset/state-of-oklahoma-payroll-2020,all,structured,CSV,2020,fiscal year,state,na,na,OK,Office of Management and Enterprise Services,no,yes,quarter salary,jackie.mckinley@omes.ok.gov,2022-02-27,2022-02-28
74,Employee Salaries-2021,https://catalog.data.gov/dataset/employee-salaries-2021,all,structured,"CSV, RDF, JSON, XML",2021,fiscal year,county,Montgomery,na,MD,Data Montgomery,yes,yes,"annual salary, overtime",no-reply@data.montgomerycountymd.gov,2022-02-11,2022-03-15
75,State of Oklahoma Payroll 2019,https://catalog.data.gov/dataset/state-of-oklahoma-payroll-2019,all,structured,CSV,2019,fiscal year,state,na,na,OK,Office of Management and Enterprise Services,no,yes,quarter salary,jackie.mckinley@omes.ok.gov,2019-10-16,2022-02-02
76,Budget - 2022 Budget Ordinance - Positions and Salaries ,https://catalog.data.gov/dataset/budget-2022-budget-ordinance-positions-and-salaries,all,structured,"CSV, RDF, JSON, XML",2022,fiscal year,city,na,Chicago,IL,Chicago Data Portal,yes,yes,annual salary,no-reply@data.cityofchicago.org,2021-11-02,2021-12-06
77,State of Oklahoma Payroll 2022,https://catalog.data.gov/dataset/state-of-oklahoma-payroll-fiscal-year-2022,all,structured,CSV,2022,fiscal year,state,na,na,OK,Office of Management and Enterprise Services,no,yes,quarter salary,jackie.mckinley@omes.ok.gov,2021-08-02,2022-07-21
78,Budget - 2022 Budget Recommendations - Positions and Salaries,https://catalog.data.gov/dataset/budget-2022-budget-recommendations-positions-and-salaries,all,structured,"CSV, RDF, JSON, XML",2022,fiscal year,city,na,Chicago,IL,Chicago Data Portal,yes,yes,annual salary,no-reply@data.cityofchicago.org,2021-09-16,2021-09-16
79,Higher Education Research and Development,https://catalog.data.gov/dataset/higher-education-research-and-development-375f3,none,collection,HTML,2019-2022,na,federal,na,na,na,National Center for Science and Engineering Statistics,yes,yes,na,NCSESweb@nsf.gov,na,2021-09-03
80,Survey of Earned Doctorates,https://catalog.data.gov/dataset/survey-of-earned-doctorates-56679,none,collection,HTML,2019-2021,na,federal,na,na,na,National Center for Science and Engineering Statistics,yes,yes,na,NCSESweb@nsf.gov,na,2021-09-03
81," Current Employment Statistics (CES), Annual Average: 1990 - 2022",https://catalog.data.gov/dataset/current-employment-statistics-ces-annual-average-1990-2019,all,structured,CSV,1990-2022,na,state,na,na,CA,California Employment Development Department,no,yes,annual salary,OpenData@edd.ca.gov,2019-09-26,2023-07-24
82," National Evaluation of Residential Substance Abuse Treatment (RSAT) Programs in the United States, 1995-1999",https://catalog.data.gov/dataset/national-evaluation-of-residential-substance-abuse-treatment-rsat-programs-in-the-uni-1995-27b15,none,collection,HTML,1995-1999,calendar year,federal,na,na,na,National Institute of Justice,yes,yes,na,opendata@usdoj.gov,2002-10-02,2006-01-18
83," Role of Police Psychology in Controlling Excessive Force in 50 Large Cities in the United States, 1992",https://catalog.data.gov/dataset/role-of-police-psychology-in-controlling-excessive-force-in-50-large-cities-in-the-united--840cc,none,collection,HTML,1992,calendar year,federal,na,na,na,National Institute of Justice,yes,yes,na,opendata@usdoj.gov,1996-10-01,1996-10-01
84,"Impact Evaluation of Stop Violence Against Women Grants in Dane County, Wisconsin, Hillsborough County, New Hampshire, Jackson County, Missouri, and Stark County, Ohio, 1996-2000",https://catalog.data.gov/dataset/impact-evaluation-of-stop-violence-against-women-grants-in-dane-county-wisconsin-hill-1996-c64b5,none,collection,HTML,1996-2000,calendar year,federal,na,na,na,National Institute of Justice,yes,yes,na,opendata@usdoj.gov,2001-12-14,2006-03-30
85,"Valuation of Specific Crime Rates in the United States, 1980 and 1990",https://catalog.data.gov/dataset/valuation-of-specific-crime-rates-in-the-united-states-1980-and-1990-cb3f7,none,collection,HTML,"1980, 1990",calendar year,federal,na,na,na,National Institute of Justice,yes,yes,na,opendata@usdoj.gov,2001-10-09,2006-01-18
86,"Florida's Criminal Justice Workforce Research Information System, 1985-1996",https://catalog.data.gov/dataset/floridas-criminal-justice-workforce-research-information-system-1985-1996-01d9a,none,collection,HTML,1985-1996,calendar year,federal,na,na,na,National Institute of Justice,yes,yes,na,opendata@usdoj.gov,2000-10-18,2006-03-20
87,"National Assessment Program Survey of Criminal Justice Personnel in the United States, 1986",https://catalog.data.gov/dataset/national-assessment-program-survey-of-criminal-justice-personnel-in-the-united-states-1986-21f2c,none,collection,HTML,1986,calendar year,federal,na,na,na,National Institute of Justice,yes,yes,na,opendata@usdoj.gov,1993-10-02,2006-01-12
88,Expenditure and Employment Data for the Criminal Justice System Series,https://catalog.data.gov/dataset/expenditure-and-employment-data-for-the-criminal-justice-system-series-6d69c,none,collection,HTML,"1971 - 1979, 1982 - 2003",fiscal year,federal,na,na,na,Bureau of Justice Statistics,yes,yes,na,askbjs@usdoj.gov,1984-03-18,2007-04-18
89,Law Enforcement Management and Administrative Statistics (LEMAS),https://catalog.data.gov/dataset/law-enforcement-management-and-administrative-statistics-lemas-series-db146,contains,collection,HTML,"1987, 1990, 1997, 1999, 2000, 2003, 2007, 2013, 2016",calendar year,federal,na,na,na,Bureau of Justice Statistics,yes,yes,na,askbjs@usdoj.gov,1989-12-15,2020-08-20
90,Survey of Campus Law Enforcement Agencies [United States] Series,https://catalog.data.gov/dataset/survey-of-campus-law-enforcement-agencies-united-states-series-33c0f,contains,collection,HTML,"1995, 2004-2005, 2011-2012",academic year,federal,na,na,na,Bureau of Justice Statistics,yes,yes,na,askbjs@usdoj.gov,1997-05-16,2015-08-13
91,EEO-4 Reports,https://catalog.data.gov/dataset/eeo-4-reports,all,structured,"CSV, RDF, JSON, XML",2020-2022,fiscal year,city,na,New York,NY,NYC Open Data,yes,yes,salary range,no-reply@data.cityofnewyork.us,2023-02-23,2023-02-23
92,Employee Salaries - 2019,https://catalog.data.gov/dataset/employee-salaries-2019,all,structured,"CSV, RDF, JSON, XML",2019,fiscal year,county,Montgomery,na,MD,Data Montgomery,yes,yes,annual salary,no-reply@data.montgomerycountymd.gov,2020-07-29,2020-07-29
93,Employee Salaries - 2020,https://catalog.data.gov/dataset/employee-salaries-2020,all,structured,"CSV, RDF, JSON, XML",2020,fiscal year,county,Montgomery,na,MD,Data Montgomery,yes,yes,annual salary,no-reply@data.montgomerycountymd.gov,2021-02-22,2021-08-10
94,State of Oklahoma Payroll - 2017,https://catalog.data.gov/dataset/state-of-oklahoma-payroll-2017,all,structured,CSV,2017,fiscal year,state,na,na,OK,Office of Management and Enterprise Services,no,yes,quarter salary,servicedesk@omes.ok.gov,2019-10-31,2021-09-22
95,State of Oklahoma Payroll - 2016,https://catalog.data.gov/dataset/state-of-oklahoma-payroll-2016,all,structured,CSV,2016,fiscal year,state,na,na,OK,Office of Management and Enterprise Services,no,yes,quarter salary,servicedesk@omes.ok.gov,2019-10-31,2021-09-22
96,State of Oklahoma Payroll - 2014,https://catalog.data.gov/dataset/state-of-oklahoma-payroll-2014,all,structured,CSV,2014,fiscal year,state,na,na,OK,Office of Management and Enterprise Services,no,yes,quarter salary,servicedesk@omes.ok.gov,2019-10-31,2021-09-22
97,State of Oklahoma Payroll - 2010,https://catalog.data.gov/dataset/state-of-oklahoma-payroll-2010,all,structured,CSV,2010,fiscal year,state,na,na,OK,Office of Management and Enterprise Services,no,yes,quarter salary,servicedesk@omes.ok.gov,2019-10-31,2021-09-22
98,State of Oklahoma Payroll - 2013,https://catalog.data.gov/dataset/state-of-oklahoma-payroll-2013,all,structured,CSV,2013,fiscal year,state,na,na,OK,Office of Management and Enterprise Services,,yes,quarter salary,servicedesk@omes.ok.gov,2019-10-31,2021-09-22
99,State of Oklahoma Payroll - 2012,https://catalog.data.gov/dataset/state-of-oklahoma-payroll-2012,all,structured,CSV,2012,fiscal year,state,na,na,OK,Office of Management and Enterprise Services,no,yes,quarter salary,servicedesk@omes.ok.gov,2019-10-31,2021-09-22
100,State of Oklahoma Payroll - 2011,https://catalog.data.gov/dataset/state-of-oklahoma-payroll-2011,all,structured,CSV,2011,fiscal year,state,na,na,OK,Office of Management and Enterprise Services,no,yes,quarter salary,servicedesk@omes.ok.gov,2019-10-31,2021-09-22
101,State of Oklahoma Payroll - 2015,https://catalog.data.gov/dataset/state-of-oklahoma-payroll-2015,all,structured,CSV,2015,fiscal year,state,na,na,OK,Office of Management and Enterprise Services,no,yes ,quarter salary,servicedesk@omes.ok.gov,2019-10-31,2021-09-22
102,Multi-Survey Benchmark Jobs and Relationship to Market,https://catalog.data.gov/dataset/multi-survey-benchmark-jobs-and-relationship-to-market-3559b,all,structured,CSV,na,na,state,na,na,OK,Office of Management and Enterprise Services,no,yes,annual salary,na,2019-10-31,2019-10-31
103,Average Salary Market Comparison Trend ,https://catalog.data.gov/dataset/average-salary-market-comparison-trend-ff5e8,contains,structured,CSV,2005-2012,fiscal year,state,na,na,OK,Office of Management and Enterprise Services,no,yes,annual salary,na,2019-10-31,2019-10-31
104,Market Analysis by Agency,https://catalog.data.gov/dataset/market-analysis-by-agency-695fd,all,structured,CSV,2018,fiscal year,state,na,na,OK,Office of Management and Enterprise Services,no,yes,annual salary,na,2019-10-31,2019-10-31
105,Pay Band Average Salary,https://catalog.data.gov/dataset/pay-band-average-salary-0ca9a,all,structured,"CSV, RDF, JSON, XML",na,na,state,na,na,OK,Oklahomas Open Data,no,yes,annual salary,na,2019-10-31,2019-10-31
106,State of Oklahoma Payroll - 2018,https://catalog.data.gov/dataset/state-of-oklahoma-payroll-2018-2720e,all,structured,CSV,2018,fiscal year,state,na,na,OK,Office of Management and Enterprise Services,no,yes,quarter salary,servicedesk@omes.ok.gov,2019-10-31,2021-09-22
107,State of Oklahoma Payroll - fiscal year 2021,https://catalog.data.gov/dataset/state-of-oklahoma-payroll-fiscal-year-2021-6454c,all,structured,CSV,2021,fiscal year,state,na,na,OK,Oklahomas Open Data,no,yes,quarter salary,jackie.mckinley@omes.ok.gov,2021-06-17,2022-02-28
108,Demographic Reports,https://catalog.data.gov/dataset/demographic-reports,none,structured,PDF,na,calendar year,federal,na,na,na,Federal Retirement Thrift Investment Board,no,yes,na,Kim.Weaver@FRTIB.GOV,2019-12-31,2021-03-26
109,ONHIR Salaries and Expenses,https://catalog.data.gov/dataset/onhir-salaries-and-expenses,contains,structured,CSV,2016-2018,fiscal year,federal,na,na,na,Office of Navajo and Hopi Indian Relocation,no,yes,total compensation,dpratte@onhir.gov,na,2017-06-30
110,Budget - 2021 Budget Ordinance - Positions and Salaries,https://catalog.data.gov/dataset/budget-2021-budget-ordinance-positions-and-salaries,contains,structured,"CSV, RDF, JSON, XML",2021,fiscal year,city,na,Chicago,IL,data.cityofchicago.org,no,yes,hourly rate,no-reply@data.cityofchicago.org,2020-11-24,2021-04-05
111,Allegheny County Employee Salaries,https://catalog.data.gov/dataset/allegheny-county-employee-salaries,all,structured,CSV,2016 - 2023,calendar year,county,Alleghany,na,MD,Allegheny County,no,yes,"salary, overtime, incentive",nichole.nagle@alleghenycounty.us,na,2023-01-19
112,Legacy City-Parish Employees,https://catalog.data.gov/dataset/legacy-city-parish-employees,all,structured,"CSV, RDF, XML, JSON",November 2018,calendar year,city,na,Baton Rouge,LA,data.brla.gov,no,yes,"salary, salary range, hourly rate, overtime hourly range",no-reply@data.brla.gov,2015-07-14,2023-05-16
113,City-Parish Employee Annual Salaries,https://catalog.data.gov/dataset/legacy-city-parish-employee-annual-salaries,all,structured,"CSV, RDF, XML, JSON",2008 - 2017,calendar year,city,na,Baton Rouge,LA,data.brla.gov,no,yes,"hourly rate, overtime hourly rate",no-reply@data.brla.gov,2018-02-05,2023-05-16
114,City parish employees,https://catalog.data.gov/dataset/city-parish-employees,all,structured,"CSV, RDF, XML, JSON",2018 - 2024,calendar year,city,na,Baton Rouge,LA,data.brla.gov,no,yes,"salary, salary range, hourly rate",no-reply@data.brla.gov,2020-01-09,2024-03-22
115,GTW.D.2.b - Percentage of employees who report competitiveness of salary,https://data.austintexas.gov/City-Government/Strategic-Measure_Listening-to-the-Workforce-2017-/cjhc-dg4q/about_data,none,structured,"CSV, RDF, XML, JSON, RSS, TSV for Excel",2017 - 2019,calendar year,city,na,Austin,TX,City of Austin Texas,no,yes,na,na,2020-09-08,2024-03-24
116,GTW.D.2.b_Percentage of employees who report competitiveness of salary,na,na,na,na,na,na,city,na,na,na,na,na,na,na,na,na,na
117,2015 City Employee Salary Schedule,https://catalog.data.gov/dataset/fy2015-city-employee-salary-schedule,all,structured,"CSV, RDF, XML, JSON",July 2014,na,city,na,Providence,RI,data.providenceri.gov,no,yes,salary range,no-reply@data.providenceri.gov,2014-09-30,2014-09-30
118,2014 City Employee Salary Schedule,https://catalog.data.gov/dataset/fy2014-city-employee-salary-schedule,all,structured,"CSV, RDF, XML, JSON",July 2013,na,city,na,Providence,RI,data.providenceri.gov,no,yes,salary range,no-reply@data.providenceri.gov,2013-07-17,2013-07-17
119,2013 City Employee Salary Schedule,https://catalog.data.gov/dataset/fy2013-city-employee-salary-schedule,all,structured,"CSV, RDF, XML, JSON",June 2013,na,city,na,Providence,RI,data.providenceri.gov,no,yes,salary range,no-reply@data.providenceri.gov,2013-06-27,2013-07-11
120,Salary Information for Local Development Corporations,https://catalog.data.gov/dataset/salary-information-for-local-development-corporations,all,structured,"CSV, RDF, XML, JSON",2015 - 2022,fiscal year,state,na,na,NY,State of New York,no,yes,"salary, overtime, bonus",opendata@its.ny.gov,2020-10-20,2023-10-30
121,Salary Information for State Authorities,https://catalog.data.gov/dataset/salary-information-for-state-authorities,all,structured,"CSV, RDF, XML, JSON",2015 - 2022,fiscal year,state,na,na,NY,State of New York,no,yes,"salary, overtime, bonus",opendata@its.ny.gov,2020-10-20,2023-10-31
122,Title and Salary Listing,https://catalog.data.gov/dataset/title-and-salary-listing,none,structured,"CSV, RDF, XML, JSON",1954 - 2022,na,state,na,na,NY,State of New York,no,yes,na,opendata@its.ny.gov,2022-03-17,2024-01-05
123,Broome County Annual Employee Earnings: Beginning 2009,https://catalog.data.gov/dataset/broome-county-annual-employee-earnings-beginning-2009,all,structured,"CSV, RDF, XML, JSON",2009 - 2024,fiscal year,county,Broome,na,NY,State of New York,no,yes,"salary, overtime",opendata@its.ny.gov,2024-03-06,2024-03-06
124,Occupational Employment and Wage Statistics,https://catalog.data.gov/dataset/occupational-employment-statistics,all,structured,"CSV, RDF, XML, JSON",na,na,state,na,na,NY,State of New York,no,yes,"median wage, mean wage",opendata@its.ny.gov,2020-07-07,2023-06-01
125,Salary Information for Local Authorities,https://catalog.data.gov/dataset/salary-information-for-local-authorities,all,structured,"CSV, RDF, XML, JSON",2015 - 2022,fiscal year,state,na,na,NY,State of New York,no,yes,"salary, bonus, overtime",opendata@its.ny.gov,2020-10-20,2023-10-30
126,Salary Information for Industrial Development Agencies,https://catalog.data.gov/dataset/salary-information-for-industrial-development-agencies,all,structured,"CSV, RDF, XML, JSON",2015 - 2022,fiscal year,state,na,na,NY,State of New York,no,yes,"salary, bonus, overtime",opendata@its.ny.gov,2020-10-20,2023-10-30
127,Current Employment Statistics: Beginning 1990,https://catalog.data.gov/dataset/current-employment-statistics-beginning-1990,none,structured,"CSV, RDF, XML, JSON",1990 - 2024,na,state,na,na,NY,State of New York,no,yes,na,opendata@its.ny.gov,2020-11-28,2024-03-08
128,Choose Maryland: Compare Counties - Workforce,https://catalog.data.gov/dataset/choose-maryland-compare-counties-workforce,contains,structured,"CSV, RDF, XML, JSON",November 2021,na,county,na,na,MD,opendata.maryland.gov,no,yes,average weekly wage,no-reply@opendata.maryland.gov,2018-07-12,2019-12-19
129,SHIP Affordable Housing 2010-2020,https://catalog.data.gov/dataset/ship-affordable-housing-2010-2016,none,structured,"CSV, RDF, XML, JSON",2010 - 2020,na,city,na,na,na,opendata.maryland.gov,no,yes,na,Tiffanie.Powell@maryland.gov,2019-03-13,2023-08-23
130,Choose Maryland: Compare Metros - Workforce,https://catalog.data.gov/dataset/choose-maryland-compare-metros-workforce,contains,structured,"CSV, RDF, XML, JSON",November 2021,na,city,na,na,na,opendata.maryland.gov,no,yes,median hourly wage,no-reply@opendata.maryland.gov,2018-06-18,2019-04-24
131,Choose Maryland: Compare States - Education,https://catalog.data.gov/dataset/choose-maryland-compare-states-education,contains,structured,"CSV, RDF, XML, JSON",2019,na,state,na,na,na,opendata.maryland.gov,no,yes,average salary,no-reply@opendata.maryland.gov,2018-06-18,2019-09-27
132,Salaries of Lottery Employees - Multi-Year Report,https://catalog.data.gov/dataset/salaries-of-lottery-employees-multi-year-report,all,structured,"CSV, RDF, XML, JSON",2016 - 2023,fiscal year,state,na,na,OR,data.oregon.gov,yes,yes,salary,no-reply@data.oregon.gov,2020-02-21,2023-10-02
133,Salaries of State Agencies - Multi-Year Report,https://catalog.data.gov/dataset/salaries-of-state-agencies-multi-year-report,all,structured,"CSV, RDF, XML, JSON",2010 - 2013,fiscal year,state,na,na,OR,data.oregon.gov,yes,yes,salary,no-reply@data.oregon.gov,2018-01-24,2024-01-02
134,Annual Salary 2010 thru 2013,https://catalog.data.gov/dataset/annual-salary-2010-thru-2013,all,structured,"CSV, RDF, XML, JSON",2010 - 2013,calendar year,state,na,na,WA,data.wa.gov,no,yes,salary,no-reply@data.wa.gov,2015-01-22,2015-01-22
135,Nuclear Medicine National Headquarter System,https://catalog.data.gov/dataset/nuclear-medicine-national-headquarter-system,na,na,na,2011 - 2024,na,federal,na,na,na,Department of Veterans Affairs,no,no,na,vhaopendata@va.gov,2017-07-26,2020-12-01
136,Civil List,https://catalog.data.gov/dataset/civil-list,all,structured,"CSV, RDF, XML, JSON","2014 - 2017, 2022",calendar year,city,na,New York,NY,data.cityofnewyork.us,yes,yes,salary rate,no-reply@data.cityofnewyork.us,2018-04-23,2023-05-05
137,Citywide Payroll Data (fiscal year),https://catalog.data.gov/dataset/citywide-payroll-data-fiscal-year,all,structured,"CSV, RDF, XML, JSON","2015 - 2016, 2020 -2022",fiscal year,city,na,New York,NY,data.cityofnewyork.us,yes,yes,"salary, overtime",no-reply@data.cityofnewyork.us,2023-11-28,2024-02-01
138,Position Schedule,https://catalog.data.gov/dataset/position-schedule,all,structured,"CSV, RDF, XML, JSON",2020 - 2024,na,city,na,New York,NY,data.cityofnewyork.us,yes,yes,"salary range, median salary, salary rate",no-reply@data.cityofnewyork.us,2020-07-09,2024-03-19
139,Local Law 18 Pay and Demographics Report - Agency Report Table,https://catalog.data.gov/dataset/local-law-18-pay-and-demographics-report-agency-report-table,all,structured,"CSV, RDF, XML, JSON",2018 - 2021,calendar year,city,na,New York,NY,data.cityofnewyork.us,yes,yes,salary range,no-reply@data.cityofnewyork.us,2022-05-31,2023-10-17
140,Spending Disclosure - fiscal year 2013,https://catalog.data.gov/dataset/spending-disclosure-fiscal-year-2013,none,structured,"CSV, RDF, XML, JSON",2013,fiscal year,county,Montgomery,na,MD,data.montgomerycountymd.gov,no,yes,na,no-reply@data.montgomerycountymd.gov,2013-09-03,2022-08-01
141,15 Spending Disclosure,https://catalog.data.gov/dataset/fy15-spending-disclosure,none,structured,"CSV, RDF, XML, JSON",2015,fiscal year,county,Montgomery,na,MD,data.montgomerycountymd.gov,no,yes,na,no-reply@data.montgomerycountymd.gov,2014-11-07,2022-08-01
142,Spending Disclosure - fiscal year 2012,https://catalog.data.gov/dataset/spending-disclosure-fiscal-year-2012,none,structured,"CSV, RDF, XML, JSON",2012,fiscal year,county,Montgomery,na,MD,data.montgomerycountymd.gov,no,yes,na,no-reply@data.montgomerycountymd.gov,2013-09-03,2022-08-12
143,Spending Disclosure - fiscal year 2014,https://catalog.data.gov/dataset/spending-disclosure-fiscal-year-2014,none,structured,"CSV, RDF, XML, JSON",2014,fiscal year,county,Montgomery,na,MD,data.montgomerycountymd.gov,no,yes,na,no-reply@data.montgomerycountymd.gov,2014-07-21,2022-08-01
144,Spending Disclosure - fiscal year 2011,https://catalog.data.gov/dataset/spending-disclosure-fiscal-year-2011,none,structured,"CSV, RDF, XML, JSON",2011,fiscal year,county,Montgomery,na,MD,data.montgomerycountymd.gov,no,yes,na,no-reply@data.montgomerycountymd.gov,2015-05-28,2022-08-01
145,Salary Schedule,https://catalog.data.gov/dataset/salary-schedule,all,structured,"CSV, RDF, JSON, XML", 2015 - 2020,fiscal year,county,Montgomery,na,MD,data.montgomerycountymd.gov,no,yes,Salary Range,no-reply@data.montgomerycountymd.gov,2020-02-19,2023-04-03
146,Average Salary by Job Classification ,https://catalog.data.gov/dataset/average-salary-by-job-classification,all,structured ,"CSV, RDF, JSON, XML", 2015 - 2020,fiscal year,county,Montgomery ,na,MD,data.montgomerycountymd.gov,no,yes,annual salary,no-reply@data.montgomerycountymd.gov,2020-06-10,2023-04-03
147,Employee Payroll,https://catalog.data.gov/dataset/employee-payroll,contains,structured ,"CSV, RDF, JSON, XML", 2016 - 2017,fiscal year,county,Cook,na,IL,datacatalog.cookcountyil.gov,no,yes,salary,no-reply@datacatalog.cookcountyil.gov,2018-06-25,2022-06-28
148,Comptroller - Annual Salaries - 2011 - September 22,https://catalog.data.gov/dataset/comptroller-annual-salaries-2011-september-22,contains,structured,"CSV, RDF, JSON, XML","Up to September 22, 2011",na,county,Cook,na,IL,datacatalog.cookcountyil.gov,no,yes,annual salary,no-reply@datacatalog.cookcountyil.gov,2014-10-09,2021-02-03
149,"CSV, RDF, JSON, XML",https://catalog.data.gov/dataset/comptroller-annual-salaries-2011-september-16,contains,structured ,"CSV, RDF, JSON, XML","Up to September 16, 2011",na,county,Cook,na,IL,datacatalog.cookcountyil.gov,no,yes,"
annual salary",no-reply@datacatalog.cookcountyil.gov,2014-10-09,2021-02-03
150,Comptroller - Annual Salaries - 2014 - August 28,https://catalog.data.gov/dataset/comptroller-annual-salaries-2014-august-28,contains,structured,"CSV, RDF, JSON, XML","Up to August 28, 2014",na,county,Cook,na,IL,datacatalog.cookcountyil.gov,no,yes,"
annual salary",no-reply@datacatalog.cookcountyil.gov,2016-01-21,2021-02-03
151,Comptroller - Annual Salaries - 2013,https://catalog.data.gov/dataset/comptroller-annual-salaries-2013,contains,structured," 
 	
CSV, RDF, JSON, XML","Up to March 5, 2013",na,county,Cook,na,IL,datacatalog.cookcountyil.gov,no,yes,"
annual salary",no-reply@datacatalog.cookcountyil.gov,2014-10-09,2021-02-03
152,Comptroller - Annual Salaries - 2015 - November 24,https://catalog.data.gov/dataset/comptroller-annual-salaries-2015-november-24,contains,structured," 
 	
CSV, RDF, JSON, XML","Up to  November 24, 2015",na,county,Cook,na,IL,datacatalog.cookcountyil.gov,no,yes,"
annual salary",no-reply@datacatalog.cookcountyil.gov,2016-01-21,2021-02-03
153,"Current Employee Names, Salaries, and Position Titles",https://catalog.data.gov/dataset/current-employee-names-salaries-and-position-titles,contains,structured," 
 	
CSV, RDF, JSON, XML",Present,na,city,na,Chicago,IL,data.cityofchicago.org,no,yes,"hourly, annual salary",no-reply@data.cityofchicago.org,2018-01-30,2024-04-05
154,Budget - 2016 Budget Recommendations - Positions and Salaries,https://catalog.data.gov/dataset/budget-2016-budget-recommendations-positions-and-salaries,contains,structured," 
 	
CSV, RDF, JSON, XML",2016,fiscal year,city,na,Chicago,IL,data.cityofchicago.org,no,yes,budgeted annual salary,no-reply@data.cityofchicago.org,2015-09-21,2015-09-22
155,Budget - 2017 Budget Ordinance - Positions and Salaries,https://catalog.data.gov/dataset/budget-2017-budget-ordinance-positions-and-salaries,contains,structured," 
 	
CSV, RDF, JSON, XML",2017,fiscal year,city,na,Chicago,IL,data.cityofchicago.org,no,yes,budgeted annual salary,no-reply@data.cityofchicago.org,2016-11-15,2016-11-16
156,Budget - 2020 Budget Ordinance - Positions and Salaries,https://catalog.data.gov/dataset/budget-2020-budget-ordinance-positions-and-salaries,contains,structured," 
 	
CSV, RDF, JSON, XML",2020,fiscal year,city,na,Chicago,IL,data.cityofchicago.org,no,yes,budgeted annual salary,no-reply@data.cityofchicago.org,2019-11-21,2019-11-26
157,Budget - 2012 Budget Recommendations - Positions and Salaries,https://catalog.data.gov/dataset/budget-2012-budget-recommendations-positions-and-salaries,contains,structured," 
 	
CSV, RDF, JSON, XML",2012,fiscal year,city,na,Chicago,IL,data.cityofchicago.org,no,yes,budgeted annual salary,no-reply@data.cityofchicago.org,2011-10-13,2011-10-17
158,Budget - 2014 Budget Recommendations - Positions and Salaries,https://catalog.data.gov/dataset/budget-2014-budget-recommendations-positions-and-salaries,contains,structured," 
 	
CSV, RDF, JSON, XML",2014,fiscal year,city,na,Chicago,IL,data.cityofchicago.org,no,yes,budgeted annual salary,no-reply@data.cityofchicago.org,2013-10-23,2013-10-23
159,Budget - 2020 Budget Recommendations - Positions and Salaries,https://catalog.data.gov/dataset/budget-2020-budget-recommendations-positions-and-salaries,contains,structured," 
 	
CSV, RDF, JSON, XML",2020,fiscal year,city,na,Chicago,IL,data.cityofchicago.org,no,yes,budgeted annual salary,no-reply@data.cityofchicago.org,2019-10-23,2019-10-23
160,Budget - 2016 Budget Ordinance - Positions and Salaries,https://catalog.data.gov/dataset/budget-2016-budget-ordinance-positions-and-salaries,contains,structured," 
 	
CSV, RDF, JSON, XML",2016,fiscal year,city,na,Chicago,IL,data.cityofchicago.org,no,yes,budgeted annual salary,no-reply@data.cityofchicago.org,2015-10-29,2015-10-29
161,Budget - 2019 Budget Recommendations - Positions and Salaries,https://catalog.data.gov/dataset/budget-2019-budget-recommendations-positions-and-salaries,contains,structured," 
 	
CSV, RDF, JSON, XML",2019,fiscal year,city,na,Chicago,IL,data.cityofchicago.org,no,yes,budgeted annual salary,no-reply@data.cityofchicago.org,2018-10-15,2018-10-17
162,Budget - 2013 Budget Recommendations - Positions and Salaries,https://catalog.data.gov/dataset/budget-2013-budget-recommendations-positions-and-salaries,contains,structured," 
 	
CSV, RDF, JSON, XML",2013,fiscal year,city,na,Chicago,IL,data.cityofchicago.org,no,yes,budgeted annual salary,no-reply@data.cityofchicago.org,2012-10-10,2012-10-10
163,Budget - 2011 Budget Ordinance - Positions and Salaries,https://catalog.data.gov/dataset/budget-2011-budget-ordinance-positions-and-salaries,contains,structured," 
 	
CSV, RDF, JSON, XML",2011,fiscal year,city,na,Chicago,IL,data.cityofchicago.org,no,yes,budgeted annual salary,no-reply@data.cityofchicago.org,2011-05-26,2012-10-10
164,Budget - 2015 Budget Recommendations - Positions and Salaries,https://catalog.data.gov/dataset/budget-2015-budget-recommendations-positions-and-salaries,contains,structured," 
 	
CSV, RDF, JSON, XML",2015,fiscal year,city,na,Chicago,IL,data.cityofchicago.org,no,yes,budgeted annual salary,no-reply@data.cityofchicago.org,2014-10-16,2014-10-16
165,Budget - 2015 Budget Ordinance - Positions and Salaries,https://catalog.data.gov/dataset/budget-2015-budget-ordinance-positions-and-salaries,contains,structured," 
 	
CSV, RDF, JSON, XML",2015,fiscal year,city,na,Chicago,IL,data.cityofchicago.org,no,yes,budgeted annual salary,no-reply@data.cityofchicago.org,2014-11-19,2014-11-19
166,Budget - 2014 Budget Ordinance - Positions and Salaries,https://catalog.data.gov/dataset/budget-2014-budget-ordinance-positions-and-salaries,contains,structured," 
 	
CSV, RDF, JSON, XML",2014,fiscal year,city,na,Chicago,IL,data.cityofchicago.org,no,yes,budgeted annual salary,no-reply@data.cityofchicago.org,2013-12-05,2014-11-19
167,Budget - 2018 Budget Recommendations - Positions and Salaries,https://catalog.data.gov/dataset/budget-2018-budget-recommendations-positions-and-salaries,contains,structured," 
 	
CSV, RDF, JSON, XML",2018,fiscal year,city,na,Chicago,IL,data.cityofchicago.org,no,yes,budgeted annual salary,no-reply@data.cityofchicago.org,2017-10-17,2017-10-18
168,Budget - 2017 Budget Recommendations - Positions and Salaries,https://catalog.data.gov/dataset/budget-2017-budget-recommendations-positions-and-salaries,contains,structured," 
 	
CSV, RDF, JSON, XML",2017,fiscal year,city,na,Chicago,IL,data.cityofchicago.org,no,yes,budgeted annual salary,no-reply@data.cityofchicago.org,2016-10-11,2017-10-16
169,Budget - 2018 Budget Ordinance - Positions and Salaries,https://catalog.data.gov/dataset/budget-2018-budget-ordinance-positions-and-salaries,contains,structured," 
 	
CSV, RDF, JSON, XML",2018,fiscal year,city,na,Chicago,IL,data.cityofchicago.org,no,yes,budgeted annual salary,no-reply@data.cityofchicago.org,2017-11-22,2017-11-22
170,Budget - 2019 Budget Ordinance - Positions and Salaries,https://catalog.data.gov/dataset/budget-2019-budget-ordinance-positions-and-salaries,contains,structured," 
 	
CSV, RDF, JSON, XML",2019,fiscal year,city,na,Chicago,IL,data.cityofchicago.org,no,yes,budgeted annual salary,no-reply@data.cityofchicago.org,2018-11-15,2018-11-15
171,Budget - 2021 Budget Recommendations - Positions and Salaries,https://catalog.data.gov/dataset/budget-2021-budget-recommendations-positions-and-salaries,contains,structured," 
 	
CSV, RDF, JSON, XML",2021,fiscal year,city,na,Chicago,IL,data.cityofchicago.org,no,yes,budgeted annual salary,no-reply@data.cityofchicago.org,2020-10-15,2020-10-20
172,Budget - 2013 Budget Ordinance - Positions and Salaries,https://catalog.data.gov/dataset/budget-2013-budget-ordinance-positions-and-salaries,contains,structured," 
 	
CSV, RDF, JSON, XML",2013,fiscal year,city,na,Chicago,IL,data.cityofchicago.org,no,yes,budgeted annual salary,no-reply@data.cityofchicago.org,2012-11-29,2013-07-25
173,Budget - 2012 Budget Ordinance - Positions and Salaries,https://catalog.data.gov/dataset/budget-2012-budget-ordinance-positions-and-salaries,contains,structured," 
 	
CSV, RDF, JSON, XML",2012,fiscal year,city,na,Chicago,IL,data.cityofchicago.org,no,yes,budgeted annual salary,no-reply@data.cityofchicago.org,2011-12-23,2012-10-10
174,"Foreign Affairs Manual (3 FAM) - 3 FAM 3100 COMPENSATION, section 3120 FOREIGN SERVICE AND CIVIL SERVICE SALARIES",https://catalog.data.gov/dataset/foreign-affairs-manual-3-fam-3-fam-3100-compensation-section-3120-foreign-service-and-civi,none,na,HTML,1980,fiscal year,federal,na,na,na,U.S. Department of State,no,yes,na,KottmyerAM@state.gov,1980,2009-12-07
175,Office of Hearings and Appeals Decisions and Orders,https://www.hud.gov/program_offices/hearings_appeals/cases,none,collection,HTML,na,na,federal,na,na,na,U.S. Department of Housing and Urban Development,no,yes,na,202-708-1112,na,2020-10-09
176,Federal Funds,https://www.ers.usda.gov/data-products/federal-funds/,none,collection,ZIP,2004-2010,fiscal year,federal,na,na,na,"Economic Research Service, Department of Agriculture",no,yes,na,na,2019-03-26,2019-03-26
177,"Census of Public Defender Offices: State Programs, 2007",https://www.icpsr.umich.edu/web/NACJD/studies/29501/versions/V1,none,na,HTML,2007,fiscal year,federal,na,na,na,Bureau of Justice Statistics,no,yes,na,na,2011-05-13,2011-05-13
178,"Census of Public Defender Offices: County-Based and Local Offices, 2007",https://www.icpsr.umich.edu/web/NACJD/studies/29502/versions/V1,none,na,HTML,2007,fiscal year,federal,na,na,na,Bureau of Justice Statistics ,no,yes,na,na,2011-05-13,2011-05-13